product,price,quantity
Noise Cancelling Headphones,891,51
Bluetooth Speaker,404,20
Camping Tent,830,10
Smart Thermostat,476,59
Fitness Bike,859,6
Camping Stove,215,24
Hair Dryer,1068,18
Dishwasher,918,6
Vacuum Cleaner,1137,55
Smart TV,320,51
Air Fryer,77,13
Refrigerator,858,14
Washing Machine,1014,27
Security Camera,971,18
Camera Lens,1257,25
Handheld Vacuum,533,26
Electric Piano,223,2
Jump Rope,370,3
Gaming Keyboard,1237,46
Laptop,440,5
Electric Scooter,1020,58
Smartwatch,776,55
External HDD,33,5
Tablet,381,43
Dehumidifier,1207,57
Portable Charger,543,10
Resistance Bands,53,42
Smartphone,790,51
Amplifier,594,58
Guitar,1078,32
Wireless Mouse,798,41
Microphone,876,37
Portable Grill,1489,39
Phone,490,29
Projector Screen,620,35
Electric Violin,358,34
Virtual Reality Headset,1184,32
Bicycle,10,12
Keyboard,424,10
Printer,717,18
Portable Projector,438,10
Smart Doorbell,709,7
Home Speaker,650,41
VR Gloves,823,60
Electric Razor,562,26
Sports Camera,454,19
Webcam,800,35
Smart Watch Band,1420,7
Projector,471,28
Game Console,1290,60
Massage Gun,430,54
Portable Speaker,416,42
Power Bank,1076,35
Gaming Mouse,843,13
Exercise Mat,583,38
Mouse,1406,31
Electric Grill,576,15
Shower Head,546,43
Laptop Backpack,616,31
Golf GPS,1231,3
Electric Fan,849,17
Scooter,1225,33
Memory Card,933,27
Smart Mirror,1326,2
Ukulele,581,28
Knee Pads,569,31
E-Bike,1330,30
Bicycle Helmet,1413,20
Electric Skateboard,1031,55
Mobile Case,1232,60
LED Strip Lights,1487,22
Smart Plug,1210,29
Mini Fridge,753,49
Smart Scale,255,49
Hiking Boots,164,43
Laptop Stand,230,51
Action Camera,191,47
Treadmill,965,35
Headphones,821,33
Microwave,180,35
Coffee Maker,371,29
Outdoor Speakers,1029,33
Charger,1131,47
Fan,731,32
Gamepad,1037,6
Wireless Router,92,30
Oven,1010,12
Piano,41,26
Sewing Machine,1235,29
Smart Glasses,992,18
Yoga Mat,83,19
Smartphone Charger,1295,58
Router,106,48
Speakers,1010,60
Tablet Stand,1193,46
Juicer,166,20
Drone,136,17
Air Purifier,371,60
Smart Bulb,230,39
Smart Door Lock,909,42
Bluetooth Earphones,648,10
Wireless Charger,745,60
Iron,979,59
Monitor,541,53
Camera,631,29
Fitness Tracker,1498,10
Smart Lamp,208,29
Blender,1301,7
Airpods,1301,28
Air Conditioner,1246,16
Electric Kettle,708,18
Headset,1282,42
Electric Toothbrush,1360,42
Guitar Stand,1485,17
Smartwatch Charger,648,23
Weight Scale,1283,1
Electric Razor,965,9
Camping Tent,894,40
Microwave,509,34
Resistance Bands,70,18
Electric Scooter,25,52
Air Conditioner,668,34
Blender,248,53
Coffee Maker,569,21
Virtual Reality Headset,331,16
External HDD,181,39
Yoga Mat,609,60
Electric Fan,1491,18
Laptop Stand,1287,35
E-Bike,469,39
Resistance Bands,748,53
Action Camera,802,60
Virtual Reality Headset,1454,21
Smartphone,57,56
Fitness Tracker,423,25
Airpods,1138,18
Bicycle Helmet,1356,23
Refrigerator,528,1
Mouse,745,9
Game Console,351,30
Piano,380,27
Projector,737,55
Electric Toothbrush,238,50
Treadmill,838,5
Webcam,852,47
Smartwatch Charger,1486,56
Smart Watch Band,1391,20
Wireless Router,20,30
Electric Scooter,158,17
Portable Speaker,15,14
Outdoor Speakers,1110,28
Electric Razor,1048,44
Shower Head,735,48
Scooter,746,24
Outdoor Speakers,1099,37
Security Camera,474,48
Projector,1205,20
Treadmill,530,9
Portable Charger,990,57
Ukulele,460,23
Gaming Mouse,1500,16
Printer,264,12
Smart Thermostat,909,45
Camping Stove,1348,16
Refrigerator,1103,34
Smartwatch Charger,51,51
Refrigerator,316,30
Portable Projector,1036,20
Mouse,267,45
Oven,1490,45
Portable Projector,1333,6
Microphone,1074,54
Iron,1337,37
Electric Violin,276,48
Gaming Mouse,188,14
Air Conditioner,503,42
Smartphone Charger,542,18
Yoga Mat,836,43
Phone,800,45
Smartphone,901,14
Game Console,1343,45
Coffee Maker,968,43
Headphones,749,7
Coffee Maker,79,21
Phone,611,13
Bluetooth Earphones,53,43
Portable Speaker,182,51
Portable Speaker,1209,18
Tablet,1358,12
Projector,1091,12
Microphone,632,47
Air Conditioner,949,23
Tablet,490,44
Ukulele,1400,53
Headset,985,29
Headset,242,9
Dehumidifier,1425,22
Mini Fridge,802,29
Smart Watch Band,307,30
Exercise Mat,754,37
Smartwatch,1250,47
Bluetooth Speaker,1249,40
Exercise Mat,1380,7
Smart Bulb,910,48
Smart Scale,636,1
Knee Pads,1086,13
Smartwatch,190,35
Microwave,1451,45
Knee Pads,1421,1
Wireless Router,520,11
Security Camera,970,49
Smart Plug,622,6
Power Bank,892,59
Shower Head,725,48
Wireless Charger,327,56
Bluetooth Speaker,1448,56
Bluetooth Speaker,680,45
Projector Screen,794,5
LED Strip Lights,311,33
Drone,1419,8
Portable Projector,1000,6
Smartwatch Charger,12,6
Amplifier,664,49
Treadmill,1450,32
Smartwatch,1118,11
Laptop Backpack,1161,6
Smart Glasses,145,35
Coffee Maker,184,57
Gamepad,603,51
Handheld Vacuum,933,9
Juicer,529,59
Speakers,1156,38
Portable Charger,139,17
Handheld Vacuum,933,2
Exercise Mat,568,42
Electric Violin,1225,20
Smart Scale,439,49
Mini Fridge,847,7
Dishwasher,908,36
Camera Lens,148,10
Smart Glasses,1151,35
Laptop,432,8
E-Bike,719,26
Electric Scooter,114,42
Camping Tent,1301,30
Handheld Vacuum,282,59
Electric Violin,378,54
Yoga Mat,1332,27
Airpods,278,12
Portable Charger,925,54
Hiking Boots,1021,59
Microwave,482,44
Smart Door Lock,239,30
Gaming Mouse,1293,14
Juicer,463,2
Airpods,66,12
Yoga Mat,1149,8
Smart Glasses,948,50
Bicycle,1401,18
Camera Lens,1365,1
Airpods,819,24
Blender,390,10
Resistance Bands,1009,41
Electric Scooter,193,58
Shower Head,99,51
Smart Plug,305,39
Electric Toothbrush,1134,4
Electric Piano,333,60
Electric Grill,138,49
Smart Glasses,1296,31
Portable Projector,802,53
Smart Doorbell,735,33
Hiking Boots,593,59
Juicer,310,5
Wireless Mouse,1353,41
Wireless Router,189,53
Laptop Stand,766,12
Camping Stove,750,2
Weight Scale,966,45
Laptop Backpack,394,4
Tablet,517,13
Air Conditioner,721,42
Wireless Charger,401,34
Headphones,123,17
Iron,1129,33
E-Bike,747,6
Jump Rope,1025,38
Jump Rope,1494,58
Hair Dryer,1029,3
Laptop,966,51
Electric Skateboard,1329,24
Dehumidifier,84,13
Smart TV,1109,45
Microwave,580,21
Electric Violin,1020,29
Smart Scale,170,51
Smart Plug,1142,56
Gamepad,1286,10
Monitor,820,33
Smartphone Charger,919,40
Gaming Keyboard,963,27
Electric Scooter,799,17
Fan,1326,13
Handheld Vacuum,30,20
Portable Charger,271,29
Sports Camera,1198,42
Security Camera,1324,48
Phone,143,24
Microphone,27,30
Tablet Stand,654,44
Projector Screen,1330,50
Handheld Vacuum,619,6
Electric Scooter,1029,26
Blender,1460,40
Microphone,1014,13
Hair Dryer,1072,30
Speakers,1172,55
Smartphone Charger,1062,11
Amplifier,1470,49
Router,917,27
Wireless Router,1426,7
Action Camera,890,43
Electric Piano,1364,8
Security Camera,1332,55
Guitar,1276,2
Bluetooth Earphones,272,9
Smartwatch Charger,1110,10
Dehumidifier,685,57
Resistance Bands,649,55
Noise Cancelling Headphones,1420,38
Action Camera,681,1
Drone,318,38
Memory Card,1230,42
Tablet,1374,43
Smart TV,18,18
Guitar Stand,958,8
Refrigerator,468,23
Scooter,1251,26
Headset,374,44
Outdoor Speakers,301,23
Jump Rope,470,51
Smart Door Lock,575,48
Ukulele,929,50
Noise Cancelling Headphones,964,39
Mini Fridge,13,43
Noise Cancelling Headphones,344,24
Smart Bulb,1320,26
Gaming Keyboard,416,5
Security Camera,901,43
Router,722,32
Smart Plug,1123,16
Gaming Mouse,1286,44
Laptop Stand,1189,13
Electric Razor,602,53
Smartphone Charger,328,3
Action Camera,201,11
LED Strip Lights,1391,50
Oven,387,52
Sewing Machine,490,49
Treadmill,408,30
Camping Tent,668,38
Knee Pads,522,6
VR Gloves,733,11
Resistance Bands,309,35
Jump Rope,570,47
Gaming Keyboard,852,17
Mini Fridge,1352,6
Gaming Keyboard,892,4
Electric Violin,259,30
Portable Charger,1247,20
Smartphone,282,48
Fitness Bike,178,7
Hiking Boots,268,9
Portable Charger,1247,60
Projector Screen,329,40
Weight Scale,1260,27
Yoga Mat,16,19
Power Bank,833,46
Laptop,847,53
Home Speaker,1239,47
Bicycle,845,59
Electric Fan,1500,56
Massage Gun,815,43
Speakers,733,22
Monitor,841,11
Sewing Machine,517,52
Iron,945,26
Smart Plug,287,39
Electric Grill,744,48
Wireless Charger,736,49
Headphones,1075,37
Headphones,1201,52
Ukulele,353,16
Tablet Stand,151,10
Dehumidifier,1288,31
Tablet Stand,747,16
Smart Glasses,156,26
Portable Speaker,1115,58
Bicycle Helmet,550,26
Laptop Stand,1455,15
Microwave,1235,51
Microwave,654,18
Bluetooth Earphones,1075,22
Wireless Router,631,54
Massage Gun,1103,13
Fitness Bike,1217,25
Electric Fan,1435,34
VR Gloves,392,50
Smart Scale,500,8
Hiking Boots,366,51
Air Fryer,798,21
Wireless Mouse,549,28
Laptop Stand,414,59
Outdoor Speakers,807,16
Portable Charger,1249,28
Smart Door Lock,745,56
Portable Projector,382,41
Electric Piano,826,31
Massage Gun,1244,22
Mobile Case,190,32
Router,83,13
Electric Violin,462,50
Drone,833,35
Portable Charger,624,27
VR Gloves,479,3
Guitar Stand,405,18
VR Gloves,706,52
Gamepad,296,11
Electric Grill,863,25
Juicer,617,56
Iron,795,13
Smartphone Charger,1441,15
Wireless Router,1348,40
LED Strip Lights,1052,31
Headset,1496,34
Tablet Stand,856,16
Laptop,202,29
Hair Dryer,209,57
Oven,626,31
Sports Camera,704,39
Fitness Tracker,479,46
Smart Thermostat,433,58
Mobile Case,981,22
Iron,418,32
Sports Camera,1258,36
LED Strip Lights,638,40
Oven,1087,27
Blender,378,17
Microwave,1055,13
Sports Camera,899,8
Headset,36,53
Jump Rope,566,34
Mouse,1353,36
Electric Scooter,1409,32
LED Strip Lights,159,22
Projector,61,49
Smartwatch Charger,543,44
Smartwatch Charger,808,6
Laptop Stand,1244,34
Dishwasher,228,26
Headset,239,24
Portable Projector,830,15
Jump Rope,1040,2
Ukulele,432,13
Headset,1086,22
Sewing Machine,1199,48
Laptop Stand,275,59
Webcam,1453,31
Noise Cancelling Headphones,935,49
Monitor,283,46
Wireless Charger,725,21
Guitar Stand,1327,17
Guitar,869,46
Jump Rope,1023,55
LED Strip Lights,179,13
Weight Scale,954,58
Scooter,539,38
Smartphone,205,10
Monitor,724,48
Exercise Mat,389,47
Smart Mirror,1401,24
Gaming Keyboard,1463,49
Game Console,1197,47
Wireless Router,1103,53
Refrigerator,738,40
Fitness Tracker,1286,19
Electric Piano,1280,4
Camping Stove,893,43
Fitness Tracker,631,41
Tablet Stand,857,23
Gaming Mouse,1266,19
Guitar,682,20
Fitness Tracker,761,6
Smart Scale,440,58
Action Camera,1367,54
Smart Thermostat,1041,22
Headset,17,24
Air Conditioner,848,53
Bicycle Helmet,760,13
Jump Rope,90,39
Webcam,1292,52
Blender,1264,21
Exercise Mat,869,11
Handheld Vacuum,1373,8
Ukulele,1303,19
Headset,94,26
Keyboard,1037,45
Oven,470,45
Smart Scale,503,19
Projector Screen,1268,7
Ukulele,749,4
Laptop Stand,565,45
Amplifier,1276,54
Dehumidifier,849,3
Wireless Charger,636,27
Hiking Boots,561,21
Smartphone,515,37
Electric Toothbrush,829,11
Microwave,794,9
Handheld Vacuum,846,31
Projector Screen,1075,1
Smartwatch,635,54
Fitness Bike,1288,31
Wireless Charger,694,51
Speakers,1354,50
Laptop Backpack,340,5
Gamepad,469,13
Security Camera,1050,17
Webcam,1106,31
Sports Camera,943,54
Iron,1420,36
Smart Mirror,1381,36
Gamepad,740,25
External HDD,927,18
Laptop Stand,1482,50
Smart Plug,1151,41
Monitor,1054,13
Portable Projector,964,33
Phone,439,29
Yoga Mat,234,50
Handheld Vacuum,163,49
Smart Door Lock,84,49
Mini Fridge,106,36
Smart Thermostat,868,58
Jump Rope,1019,55
Smartwatch Charger,154,34
Power Bank,623,56
Action Camera,1027,42
Portable Grill,784,20
Sewing Machine,880,41
Webcam,233,45
Tablet,1040,34
Mini Fridge,1131,21
Knee Pads,836,21
Headset,267,20
Resistance Bands,564,14
Memory Card,162,44
Electric Piano,1281,15
Airpods,746,22
Gaming Mouse,1221,5
Security Camera,930,15
Wireless Mouse,176,49
Electric Toothbrush,187,32
Guitar,532,54
Smart Scale,613,1
Dishwasher,742,35
LED Strip Lights,1324,40
Projector,426,54
Charger,803,11
Smartphone Charger,1153,37
Headset,1229,9
Smartwatch Charger,212,34
Memory Card,997,42
Electric Piano,577,2
Handheld Vacuum,16,37
Router,640,11
Electric Skateboard,445,16
Smartwatch,654,47
Blender,516,45
Smart TV,975,15
Electric Razor,311,8
Hiking Boots,1229,31
Microphone,985,25
Webcam,339,54
Bluetooth Speaker,884,2
External HDD,1143,51
Blender,997,10
Power Bank,75,36
Drone,642,54
Smart Plug,1405,24
Electric Fan,986,25
Webcam,1442,5
Electric Kettle,1227,19
Handheld Vacuum,858,56
Headphones,921,54
Bicycle Helmet,352,47
Speakers,1479,10
Keyboard,672,14
Laptop Backpack,23,29
Memory Card,799,8
Fan,1307,48
Camera Lens,258,42
Refrigerator,1066,5
Gamepad,1355,58
Gaming Mouse,700,58
Gaming Keyboard,1092,12
Fitness Tracker,37,15
Monitor,559,21
Smart TV,119,27
Camera Lens,475,3
Outdoor Speakers,664,43
Charger,1004,1
Camera,1395,11
Smart Mirror,1497,7
Sports Camera,33,26
Electric Fan,604,39
Smart Mirror,892,24
Portable Speaker,509,54
Air Conditioner,788,45
Router,671,1
Tablet Stand,1041,60
Smart Glasses,172,48
Jump Rope,879,41
Camping Tent,93,42
Treadmill,482,19
VR Gloves,1126,9
Dehumidifier,733,58
Vacuum Cleaner,1259,31
Wireless Mouse,1285,15
Headphones,544,14
Smart Lamp,45,25
Blender,815,57
Smart Bulb,1169,16
Electric Razor,282,34
Guitar Stand,878,22
Jump Rope,1153,57
Portable Grill,300,60
Massage Gun,393,6
Virtual Reality Headset,1255,21
External HDD,1203,58
Golf GPS,731,20
External HDD,1369,43
Smartphone Charger,1331,27
Portable Charger,213,59
Hiking Boots,1166,17
Power Bank,413,37
Electric Piano,497,39
Electric Piano,1130,39
Smartphone,127,49
Jump Rope,26,11
External HDD,849,19
Smart Lamp,858,4
Printer,81,3
Memory Card,122,9
Electric Razor,832,29
Fitness Bike,1447,2
Smart Thermostat,479,15
Printer,762,18
Projector,1026,10
Camera Lens,1204,19
Projector Screen,356,29
Iron,267,59
Smart Lamp,1021,51
Electric Piano,85,45
Dishwasher,1168,45
Gaming Keyboard,1363,33
Smart Scale,475,23
Hair Dryer,1061,57
LED Strip Lights,105,47
Laptop Stand,423,53
Electric Toothbrush,1277,4
Ukulele,1195,58
Refrigerator,816,33
Home Speaker,245,44
Router,636,25
Smart Thermostat,476,49
Memory Card,503,16
Exercise Mat,999,6
Fitness Bike,1094,52
Camera Lens,642,43
Projector Screen,799,9
Camera Lens,1193,42
Smart Doorbell,683,36
Wireless Mouse,351,45
Smartphone Charger,671,46
Airpods,1161,13
Portable Projector,309,30
Yoga Mat,1243,41
Treadmill,231,40
Bluetooth Earphones,94,23
Exercise Mat,1402,14
Smart Doorbell,977,43
Resistance Bands,1303,41
Keyboard,304,39
Electric Toothbrush,107,39
Knee Pads,1115,8
Electric Toothbrush,1074,59
Smartwatch Charger,1115,54
Home Speaker,1423,6
Headphones,698,35
Electric Toothbrush,236,53
Portable Charger,862,30
Gaming Mouse,699,59
E-Bike,122,59
Smart Plug,690,24
Smartwatch,780,8
Dishwasher,1180,32
Smart Doorbell,106,33
Mobile Case,1016,12
Guitar Stand,278,9
Juicer,393,46
Mouse,1031,12
Game Console,1087,4
Amplifier,892,5
Virtual Reality Headset,15,9
Weight Scale,87,10
Smart Lamp,165,40
Dishwasher,959,41
Electric Kettle,118,19
Electric Toothbrush,573,3
Bluetooth Earphones,619,44
Knee Pads,1318,53
Smart Doorbell,1275,9
Juicer,613,26
Action Camera,1451,45
Microwave,798,31
Portable Grill,1490,41
Guitar,552,23
Speakers,1431,1
Exercise Mat,1409,30
Airpods,1431,47
Air Purifier,983,32
Tablet,1034,8
Laptop Stand,114,47
Golf GPS,217,2
Sewing Machine,480,7
Electric Piano,355,52
Microphone,333,52
Smart Bulb,294,48
Electric Scooter,945,18
Virtual Reality Headset,232,11
Dishwasher,1060,15
Oven,138,4
Oven,684,51
Shower Head,338,45
Router,374,37
Gaming Keyboard,481,4
Hiking Boots,216,30
Refrigerator,1136,8
Headset,1392,38
Smartwatch Charger,987,18
Camera,364,12
Wireless Charger,1297,53
Smart Doorbell,952,32
Projector Screen,1013,28
Hiking Boots,908,1
Scooter,918,59
Treadmill,198,60
Dishwasher,820,37
Jump Rope,254,41
Phone,431,12
Smartphone Charger,739,25
Fitness Tracker,1484,23
Outdoor Speakers,1488,47
Camera Lens,1340,27
Headset,1078,6
Tablet Stand,1193,59
Headphones,1160,42
Vacuum Cleaner,572,15
Game Console,286,41
Dishwasher,1482,29
Portable Projector,123,50
Gaming Mouse,1072,43
Tablet,272,55
Laptop,597,1
Phone,173,16
Tablet,732,56
Smart Bulb,1491,5
E-Bike,1230,52
Smartwatch,227,47
Home Speaker,606,29
Yoga Mat,170,12
E-Bike,1356,9
Wireless Charger,1303,53
LED Strip Lights,1045,60
Amplifier,513,55
Smart Thermostat,1062,32
Webcam,236,47
Monitor,30,46
Airpods,1123,29
Charger,452,46
Portable Projector,743,21
Bluetooth Earphones,1088,59
Mobile Case,630,60
Smartwatch,589,33
Refrigerator,974,17
Printer,1219,16
Jump Rope,824,3
Smart Watch Band,1099,48
Tablet Stand,834,9
Smart Bulb,481,17
Smart Bulb,1226,22
Electric Scooter,550,2
Sewing Machine,1056,53
Handheld Vacuum,846,41
Portable Speaker,574,8
Microwave,495,2
Bluetooth Earphones,628,47
Smart Bulb,516,35
Smartphone Charger,447,49
Smart Scale,587,27
Sports Camera,1363,47
Laptop Backpack,1100,42
Electric Fan,32,56
Smartphone Charger,1135,40
Monitor,113,6
Outdoor Speakers,1344,54
LED Strip Lights,1048,13
Microphone,1236,14
Exercise Mat,253,20
Vacuum Cleaner,877,55
Guitar Stand,753,28
E-Bike,1045,16
Knee Pads,804,4
Blender,225,37
Laptop,1130,57
Printer,1162,16
Washing Machine,1334,7
Electric Piano,813,15
Bluetooth Speaker,1217,52
Hair Dryer,398,59
Smart Glasses,189,38
Air Purifier,1258,24
Electric Kettle,832,54
Iron,1445,48
Washing Machine,1068,26
Smart Doorbell,480,39
Projector,422,53
Smart TV,1286,51
Ukulele,656,23
Blender,277,13
Mobile Case,877,36
Air Fryer,1004,38
Tablet,487,30
Washing Machine,216,24
Mobile Case,1043,26
Dishwasher,1024,47
Electric Scooter,634,49
Camping Tent,950,12
Wireless Mouse,1163,8
Air Purifier,120,41
Laptop,1430,51
Wireless Router,328,7
Yoga Mat,944,42
Resistance Bands,307,18
Hiking Boots,946,3
Washing Machine,1226,11
Bicycle,559,23
Yoga Mat,161,32
Sewing Machine,1301,20
Wireless Router,1219,39
Drone,66,57
Portable Grill,520,15
Electric Razor,998,34
Sports Camera,927,28
Printer,880,44
Hiking Boots,797,55
Smart TV,711,28
Portable Charger,1376,58
Gaming Keyboard,62,41
Vacuum Cleaner,204,1
Smart Plug,818,13
Vacuum Cleaner,1354,16
Laptop Stand,827,60
Microwave,725,5
Projector,519,8
Smart Glasses,928,36
Smartphone,416,32
Smartphone,1275,30
Laptop Stand,971,17
Action Camera,1093,50
Smart Watch Band,1326,54
Washing Machine,1305,24
Printer,278,53
Fan,595,2
Wireless Router,133,51
Mobile Case,829,43
Virtual Reality Headset,1118,31
Electric Piano,444,35
Projector Screen,772,23
Security Camera,640,39
Bluetooth Earphones,442,5
Camping Stove,894,31
Smartphone,1083,58
Hair Dryer,1464,12
Massage Gun,1132,42
Charger,863,15
Camera Lens,990,35
Sports Camera,1175,52
Portable Grill,1351,41
Bicycle,1328,56
Electric Scooter,1324,31
Shower Head,1260,4
Ukulele,757,24
Smart Glasses,57,31
Electric Kettle,1488,52
Smart Thermostat,981,40
VR Gloves,1396,53
Smart Glasses,1301,59
Mini Fridge,268,32
Air Purifier,343,24
Wireless Router,681,6
Keyboard,332,52
Knee Pads,442,50
Smartwatch Charger,601,28
Electric Violin,262,36
Sports Camera,74,52
Charger,375,59
Piano,664,29
Smart Door Lock,29,58
Mouse,695,12
Guitar,330,17
Virtual Reality Headset,475,6
Electric Razor,965,17
Smartphone Charger,326,19
Bicycle Helmet,669,12
Electric Violin,905,58
Keyboard,626,6
Speakers,1367,47
Bicycle Helmet,569,11
Projector Screen,671,18
Amplifier,1437,10
Handheld Vacuum,451,55
Memory Card,696,24
Camping Stove,119,55
Electric Violin,346,29
Dishwasher,437,24
Wireless Mouse,1128,31
Iron,1250,10
Tablet Stand,466,34
Camera Lens,1010,46
Portable Grill,86,48
Electric Razor,864,41
Weight Scale,1399,51
Portable Projector,291,40
Headphones,1352,50
Camping Stove,755,28
Bicycle,387,8
Virtual Reality Headset,258,31
Knee Pads,834,11
Smart Thermostat,108,40
Dishwasher,1003,60
Air Fryer,1020,58
Outdoor Speakers,1158,4
Outdoor Speakers,1369,54
Laptop Stand,833,58
Ukulele,630,47
Guitar Stand,323,48
Camera,320,3
Smart TV,1490,21
Gamepad,1302,58
Portable Speaker,391,52
Resistance Bands,206,8
Home Speaker,93,25
Air Fryer,593,57
Fitness Bike,1134,34
Microphone,669,40
Home Speaker,1328,56
Mouse,946,23
Camera,819,15
Sports Camera,119,11
Security Camera,665,23
Electric Violin,512,5
Mouse,506,18
Monitor,802,10
Bluetooth Speaker,111,51
Amplifier,481,17
Weight Scale,562,4
Sports Camera,1306,47
Security Camera,344,23
Security Camera,476,47
Electric Razor,387,17
Yoga Mat,60,57
Smart Bulb,73,45
Smart TV,832,52
Knee Pads,1119,35
Outdoor Speakers,772,47
Portable Grill,562,2
Keyboard,902,59
Drone,523,23
Yoga Mat,1006,10
Laptop,1357,42
Guitar Stand,253,14
Home Speaker,829,22
Router,1050,57
Smart Lamp,403,8
Microwave,551,23
Knee Pads,68,57
VR Gloves,1073,51
Dishwasher,439,48
Laptop Stand,1236,5
